{"cameraMode":{"drawMode":0,"name":"Shaded","section":"Shading Mode"},"sceneLighting":true,"audioPlay":false,"sceneViewState":{"showFog":false,"showMaterialUpdate":false,"showSkybox":false,"showFlares":false,"showImageEffects":false,"showParticleSystems":false},"in2DMode":false,"pivot":{"x":519.350830078125,"y":240.00254821777345,"z":-58.5792236328125},"rotation":{"x":0.04829087108373642,"y":0.0023075267672538759,"z":-0.0001108688156818971,"w":0.9988373517990112},"size":514.6946411132813,"orthographic":false}